Genus_spp,Orientation,current,Habitat_Type,os_ht,median_dens,mean_dens,sd_dens,max_dens,min_dens,cluster,os
Semicossyphus pulcher,Parallel,Down-current,High Ecotone,East Parallel Ecotone_High,0.78125,1.4322916666666667,1.6931635460169245,4.6875,0,Group 1,Inshore
Semicossyphus pulcher,Parallel,Down-current,Low Ecotone,East Parallel Ecotone_Low,0.78125,1.0416666666666667,1.2164046002523796,3.125,0,Group 1,Inshore
Semicossyphus pulcher,Parallel,Down-current,Medium Ecotone,East Parallel Ecotone_Medium,1.5625,1.953125,1.3531646934131853,4.6875,0,Group 1,Inshore
Semicossyphus pulcher,Parallel,Down-current,Medium Relief,East Parallel Mid_Medium,0.43533490599476693,0.7404041208839408,0.9537252083149655,3.0990985122044172,0,Group 1,Inshore
Semicossyphus pulcher,Parallel,Down-current,Low Relief,East Parallel Mid_Low,0,0.47569752830672046,1.117337491664971,3.133098657193006,0,Group 2,Inshore
Semicossyphus pulcher,Parallel,Up-current,Low Ecotone,West Parallel Ecotone_Low,1.5625,1.3020833333333333,1.304448609276128,3.125,0,Group 2,Offshore
Semicossyphus pulcher,Parallel,Up-current,Medium Ecotone,West Parallel Ecotone_Medium,1.5625,1.4322916666666667,1.8195314888770546,6.25,0,Group 2,Offshore
Semicossyphus pulcher,Perpendicular,Down-current,Low Relief,East Perpendicular Mid_Low,0.5360386151544724,0.9499019526632285,1.2186173125918172,3.0149379758259416,0,Group 2,East
Semicossyphus pulcher,Perpendicular,Up-current,High Ecotone,West Perpendicular Ecotone_High,1.5625,1.8229166666666667,1.176207269857939,3.125,0,Group 2,West
Semicossyphus pulcher,Parallel,Down-current,High Relief,East Parallel Mid_High,3.8253632606629147,4.143162755466405,1.5075819425252446,7.186674356087952,1.6359444712096567,Group 3,Inshore
Semicossyphus pulcher,Parallel,Up-current,Low Relief,West Parallel Mid_Low,0,0.6595429628948161,0.8961995947978394,2.5756612396593823,0,Group 3,Offshore
Semicossyphus pulcher,Perpendicular,Down-current,Low Ecotone,East Perpendicular Ecotone_Low,1.5625,2.0833333333333335,0.8068715304598785,3.125,1.5625,Group 3,East
Semicossyphus pulcher,Perpendicular,Down-current,Medium Ecotone,East Perpendicular Ecotone_Medium,3.125,2.8645833333333335,2.0768127122267592,6.25,0,Group 3,East
Semicossyphus pulcher,Perpendicular,Down-current,Medium Relief,East Perpendicular Mid_Medium,1.3678977110679988,1.1480913076068149,0.9986487690171171,2.591209238118707,0,Group 3,East
Semicossyphus pulcher,Perpendicular,Up-current,Low Ecotone,West Perpendicular Ecotone_Low,0.78125,1.8229166666666667,2.503253091812066,6.25,0,Group 3,West
Semicossyphus pulcher,Perpendicular,Up-current,Low Relief,West Perpendicular Mid_Low,2.4998274821537305,2.7090528934967892,2.6272654404221094,6.076989597395379,0,Group 3,West
Semicossyphus pulcher,Parallel,Up-current,High Ecotone,West Parallel Ecotone_High,1.5625,1.953125,2.319954967480266,6.25,0,Group 4,Offshore
Semicossyphus pulcher,Parallel,Up-current,High Relief,West Parallel Mid_High,0,0.3698173750374225,0.6956798309166711,1.9810436616692069,0,Group 4,Offshore
Semicossyphus pulcher,Parallel,Up-current,Medium Relief,West Parallel Mid_Medium,4.2728722416913865,4.284012856778308,3.411208626590096,12.750308505493583,0,Group 4,Offshore
Semicossyphus pulcher,Perpendicular,Down-current,High Relief,East Perpendicular Mid_High,5.528111797917336,5.953369749879038,3.8627848446133455,10.383222455008193,0.9587226849231378,Group 4,East
Semicossyphus pulcher,Perpendicular,Up-current,Medium Ecotone,West Perpendicular Ecotone_Medium,1.5625,2.34375,2.1537576175140973,6.25,0,Group 4,West
Semicossyphus pulcher,Perpendicular,Up-current,Medium Relief,West Perpendicular Mid_Medium,4.618784619443622,8.1041911343378,8.310597626681576,20.945945953262676,0,Group 4,West
Semicossyphus pulcher,Perpendicular,Down-current,High Ecotone,East Perpendicular Ecotone_High,2.34375,2.8645833333333335,2.6912522255757945,7.8125,0,Group 5,East
Semicossyphus pulcher,Perpendicular,Up-current,High Relief,West Perpendicular Mid_High,1.2025884482498277,1.528344832674552,1.572461248112334,3.931440515741577,0,Group 6,West
Sebastes serranoides,Parallel,Down-current,High Ecotone,East Parallel Ecotone_High,0,0.13020833333333334,0.4510548978043951,1.5625,0,Group 1,Inshore
Sebastes serranoides,Parallel,Down-current,Low Ecotone,East Parallel Ecotone_Low,0,0.2604166666666667,0.6082023001261898,1.5625,0,Group 1,Inshore
Sebastes serranoides,Parallel,Down-current,Medium Ecotone,East Parallel Ecotone_Medium,0,0.2604166666666667,0.9021097956087902,3.125,0,Group 1,Inshore
Sebastes serranoides,Parallel,Down-current,Medium Relief,East Parallel Mid_Medium,0,0,0,0,0,Group 1,Inshore
Sebastes serranoides,Parallel,Down-current,Low Relief,East Parallel Mid_Low,0,0.6477085178053528,1.3156226202726564,4.091155530118636,0,Group 2,Inshore
Sebastes serranoides,Parallel,Up-current,Low Ecotone,West Parallel Ecotone_Low,0,0.5208333333333334,0.7693218186208295,1.5625,0,Group 2,Offshore
Sebastes serranoides,Parallel,Up-current,Medium Ecotone,West Parallel Ecotone_Medium,0,0.13020833333333334,0.4510548978043951,1.5625,0,Group 2,Offshore
Sebastes serranoides,Perpendicular,Down-current,Low Relief,East Perpendicular Mid_Low,0,0.27325141316051677,0.6693265337376941,1.6395084789631007,0,Group 2,East
Sebastes serranoides,Perpendicular,Up-current,High Ecotone,West Perpendicular Ecotone_High,0,0.2604166666666667,0.637887953849786,1.5625,0,Group 2,West
Sebastes serranoides,Parallel,Down-current,High Relief,East Parallel Mid_High,0,0.17333352847261527,0.4103926130957674,1.1980713137363659,0,Group 3,Inshore
Sebastes serranoides,Parallel,Up-current,Low Relief,West Parallel Mid_Low,0,0,0,0,0,Group 3,Offshore
Sebastes serranoides,Perpendicular,Down-current,Low Ecotone,East Perpendicular Ecotone_Low,0,1.8229166666666667,3.7521695113183076,9.375,0,Group 3,East
Sebastes serranoides,Perpendicular,Down-current,Medium Ecotone,East Perpendicular Ecotone_Medium,0.78125,0.78125,0.8558164961018221,1.5625,0,Group 3,East
Sebastes serranoides,Perpendicular,Down-current,Medium Relief,East Perpendicular Mid_Medium,0,0.22920764842312727,0.5614417837799032,1.3752458905387637,0,Group 3,East
Sebastes serranoides,Perpendicular,Up-current,Low Ecotone,West Perpendicular Ecotone_Low,0,0.5208333333333334,0.8068715304598785,1.5625,0,Group 3,West
Sebastes serranoides,Perpendicular,Up-current,Low Relief,West Perpendicular Mid_Low,0,0.5366684350401306,0.8395869619763754,1.794904228295357,0,Group 3,West
Sebastes serranoides,Parallel,Up-current,High Ecotone,West Parallel Ecotone_High,0,1.8229166666666667,2.813551991807875,9.375,0,Group 4,Offshore
Sebastes serranoides,Parallel,Up-current,High Relief,West Parallel Mid_High,0,0.16866504073728375,0.41721470425911494,1.3343839834569327,0,Group 4,Offshore
Sebastes serranoides,Parallel,Up-current,Medium Relief,West Parallel Mid_Medium,0,0.2262102927354909,0.5291984488196732,1.429008492213401,0,Group 4,Offshore
Sebastes serranoides,Perpendicular,Down-current,High Relief,East Perpendicular Mid_High,0,0.44640507751535025,0.6927165736173437,1.4022681390727674,0,Group 4,East
Sebastes serranoides,Perpendicular,Up-current,Medium Ecotone,West Perpendicular Ecotone_Medium,0,0.2604166666666667,0.637887953849786,1.5625,0,Group 4,West
Sebastes serranoides,Perpendicular,Up-current,Medium Relief,West Perpendicular Mid_Medium,0,0.6779835077256476,1.1793524288112156,2.8820133497820497,0,Group 4,West
Sebastes serranoides,Perpendicular,Down-current,High Ecotone,East Perpendicular Ecotone_High,0,0.2604166666666667,0.637887953849786,1.5625,0,Group 5,East
Sebastes serranoides,Perpendicular,Up-current,High Relief,West Perpendicular Mid_High,0,0,0,0,0,Group 6,West
Paralabrax nebulifer,Parallel,Down-current,High Ecotone,East Parallel Ecotone_High,0,1.3020833333333333,2.291881876947149,7.8125,0,Group 1,Inshore
Paralabrax nebulifer,Parallel,Down-current,Low Ecotone,East Parallel Ecotone_Low,1.5625,1.3020833333333333,1.304448609276128,3.125,0,Group 1,Inshore
Paralabrax nebulifer,Parallel,Down-current,Medium Ecotone,East Parallel Ecotone_Medium,0,0.6510416666666666,1.4067759959039374,4.6875,0,Group 1,Inshore
Paralabrax nebulifer,Parallel,Down-current,Medium Relief,East Parallel Mid_Medium,0,0.5092671628208171,0.6463653964549173,1.5495492561022086,0,Group 1,Inshore
Paralabrax nebulifer,Parallel,Down-current,Low Relief,East Parallel Mid_Low,0,0.42633523552547475,0.7815501362331723,2.045577765059318,0,Group 2,Inshore
Paralabrax nebulifer,Parallel,Up-current,Low Ecotone,West Parallel Ecotone_Low,0,0.78125,1.413334427708267,4.6875,0,Group 2,Offshore
Paralabrax nebulifer,Parallel,Up-current,Medium Ecotone,West Parallel Ecotone_Medium,0.78125,1.4322916666666667,1.9376756396439774,6.25,0,Group 2,Offshore
Paralabrax nebulifer,Perpendicular,Down-current,Low Relief,East Perpendicular Mid_Low,0.5360386151544724,1.0057011694292024,1.3164772339763275,3.2790169579262014,0,Group 2,East
Paralabrax nebulifer,Perpendicular,Up-current,High Ecotone,West Perpendicular Ecotone_High,0,0.78125,1.3072812914594931,3.125,0,Group 2,West
Paralabrax nebulifer,Parallel,Down-current,High Relief,East Parallel Mid_High,0,0.7486743355898814,1.3827138138918051,4.3659080362326526,0,Group 3,Inshore
Paralabrax nebulifer,Parallel,Up-current,Low Relief,West Parallel Mid_Low,0,0.3767071724421838,0.7263555250417509,2.1835730755468665,0,Group 3,Offshore
Paralabrax nebulifer,Perpendicular,Down-current,Low Ecotone,East Perpendicular Ecotone_Low,0,0.5208333333333334,0.8068715304598785,1.5625,0,Group 3,East
Paralabrax nebulifer,Perpendicular,Down-current,Medium Ecotone,East Perpendicular Ecotone_Medium,0,1.0416666666666667,1.613743060919757,3.125,0,Group 3,East
Paralabrax nebulifer,Perpendicular,Down-current,Medium Relief,East Perpendicular Mid_Medium,0,0.3879989145769797,0.6157548695071832,1.3752458905387637,0,Group 3,East
Paralabrax nebulifer,Perpendicular,Up-current,Low Ecotone,West Perpendicular Ecotone_Low,0,0.5208333333333334,0.8068715304598785,1.5625,0,Group 3,West
Paralabrax nebulifer,Perpendicular,Up-current,Low Relief,West Perpendicular Mid_Low,0,0.23751773032423776,0.5817972441583614,1.4251063819454266,0,Group 3,West
Paralabrax nebulifer,Parallel,Up-current,High Ecotone,West Parallel Ecotone_High,1.5625,1.4322916666666667,1.8195314888770546,6.25,0,Group 4,Offshore
Paralabrax nebulifer,Parallel,Up-current,High Relief,West Parallel Mid_High,0,0.20644623330614562,0.4838784910467218,1.3343839834569327,0,Group 4,Offshore
Paralabrax nebulifer,Parallel,Up-current,Medium Relief,West Parallel Mid_Medium,0,0.8019140565787263,1.2869254331843263,4.345749545414516,0,Group 4,Offshore
Paralabrax nebulifer,Perpendicular,Down-current,High Relief,East Perpendicular Mid_High,0,0.33271773389572057,0.5160470165961621,1.0375837184511856,0,Group 4,East
Paralabrax nebulifer,Perpendicular,Up-current,Medium Ecotone,West Perpendicular Ecotone_Medium,0,0.2604166666666667,0.637887953849786,1.5625,0,Group 4,West
Paralabrax nebulifer,Perpendicular,Up-current,Medium Relief,West Perpendicular Mid_Medium,0,1.1368974018672462,1.7913307737525899,3.9273648662367515,0,Group 4,West
Paralabrax nebulifer,Perpendicular,Down-current,High Ecotone,East Perpendicular Ecotone_High,0.78125,1.3020833333333333,1.5362376253908985,3.125,0,Group 5,East
Paralabrax nebulifer,Perpendicular,Up-current,High Relief,West Perpendicular Mid_High,0,0,0,0,0,Group 6,West
Paralabrax clathratus,Parallel,Down-current,High Ecotone,East Parallel Ecotone_High,1.5625,1.171875,1.3531646934131853,4.6875,0,Group 1,Inshore
Paralabrax clathratus,Parallel,Down-current,Low Ecotone,East Parallel Ecotone_Low,0.78125,1.0416666666666667,1.386914632185304,4.6875,0,Group 1,Inshore
Paralabrax clathratus,Parallel,Down-current,Medium Ecotone,East Parallel Ecotone_Medium,1.5625,2.734375,2.4137280494270494,7.8125,0,Group 1,Inshore
Paralabrax clathratus,Parallel,Down-current,Medium Relief,East Parallel Mid_Medium,1.416260016274624,2.463265779072728,3.0016386690248806,10.559368313913433,0,Group 1,Inshore
Paralabrax clathratus,Parallel,Down-current,Low Relief,East Parallel Mid_Low,1.50227581381885,1.7383824516738606,1.1332574471669787,3.6134657392057576,0,Group 2,Inshore
Paralabrax clathratus,Parallel,Up-current,Low Ecotone,West Parallel Ecotone_Low,3.125,4.557291666666667,4.825540061430399,12.5,0,Group 2,Offshore
Paralabrax clathratus,Parallel,Up-current,Medium Ecotone,West Parallel Ecotone_Medium,1.5625,1.5625,1.6319780245846673,4.6875,0,Group 2,Offshore
Paralabrax clathratus,Perpendicular,Down-current,Low Relief,East Perpendicular Mid_Low,0,0.5758599021639779,0.8925614969904112,1.7720465846437994,0,Group 2,East
Paralabrax clathratus,Perpendicular,Up-current,High Ecotone,West Perpendicular Ecotone_High,2.34375,3.90625,4.501518840902479,12.5,0,Group 2,West
Paralabrax clathratus,Parallel,Down-current,High Relief,East Parallel Mid_High,5.360820081950401,5.173287083899039,3.3004932909363167,11.553389785904718,0,Group 3,Inshore
Paralabrax clathratus,Parallel,Up-current,Low Relief,West Parallel Mid_Low,3.1174806180921673,3.9853684121052178,2.426504999135278,8.734292302187466,1.2310776399715053,Group 3,Offshore
Paralabrax clathratus,Perpendicular,Down-current,Low Ecotone,East Perpendicular Ecotone_Low,1.5625,1.0416666666666667,0.8068715304598785,1.5625,0,Group 3,East
Paralabrax clathratus,Perpendicular,Down-current,Medium Ecotone,East Perpendicular Ecotone_Medium,1.5625,1.5625,1.3975424859373686,3.125,0,Group 3,East
Paralabrax clathratus,Perpendicular,Down-current,Medium Relief,East Perpendicular Mid_Medium,2.004722163263718,1.8763780614860162,1.69566318107384,4.125737671616291,0,Group 3,East
Paralabrax clathratus,Perpendicular,Up-current,Low Ecotone,West Perpendicular Ecotone_Low,1.5625,2.0833333333333335,2.352414539715878,4.6875,0,Group 3,West
Paralabrax clathratus,Perpendicular,Up-current,Low Relief,West Perpendicular Mid_Low,3.245138332441477,3.942412431200319,1.9602262844584033,7.157258056589699,1.794904228295357,Group 3,West
Paralabrax clathratus,Parallel,Up-current,High Ecotone,West Parallel Ecotone_High,3.90625,5.208333333333333,5.507506069543692,20.3125,0,Group 4,Offshore
Paralabrax clathratus,Parallel,Up-current,High Relief,West Parallel Mid_High,2.317865080797911,3.9936610354540987,5.143854671389897,16.012607801483192,0,Group 4,Offshore
Paralabrax clathratus,Parallel,Up-current,Medium Relief,West Parallel Mid_Medium,6.9931589624296375,7.619405783160723,5.199291975308892,16.393253792777465,0,Group 4,Offshore
Paralabrax clathratus,Perpendicular,Down-current,High Relief,East Perpendicular Mid_High,3.150438822038799,4.291477958415885,3.0704111019110063,9.085319648132169,1.276162326019334,Group 4,East
Paralabrax clathratus,Perpendicular,Up-current,Medium Ecotone,West Perpendicular Ecotone_Medium,1.5625,2.8645833333333335,3.6196979903945947,9.375,0,Group 4,West
Paralabrax clathratus,Perpendicular,Up-current,Medium Relief,West Perpendicular Mid_Medium,4.408519238636488,4.209938116670648,2.484657915649665,7.771674570226821,0,Group 4,West
Paralabrax clathratus,Perpendicular,Down-current,High Ecotone,East Perpendicular Ecotone_High,0,0.5208333333333334,0.8068715304598785,1.5625,0,Group 5,East
Paralabrax clathratus,Perpendicular,Up-current,High Relief,West Perpendicular Mid_High,1.9674574928088564,2.9039204916039894,2.7359283326579384,6.552400859569295,0,Group 6,West
Oxyjulis californica,Parallel,Down-current,High Ecotone,East Parallel Ecotone_High,0,0,0,0,0,Group 1,Inshore
Oxyjulis californica,Parallel,Down-current,Low Ecotone,East Parallel Ecotone_Low,0,0.6510416666666666,1.556570187336909,4.6875,0,Group 1,Inshore
Oxyjulis californica,Parallel,Down-current,Medium Ecotone,East Parallel Ecotone_Medium,0,1.3020833333333333,3.320138420124661,10.9375,0,Group 1,Inshore
Oxyjulis californica,Parallel,Down-current,Medium Relief,East Parallel Mid_Medium,0,1.5748974669320481,4.102922952409092,14.213709656862301,0,Group 1,Inshore
Oxyjulis californica,Parallel,Down-current,Low Relief,East Parallel Mid_Low,0,0.6810339694139823,1.7439405371362688,5.763430473497283,0,Group 2,Inshore
Oxyjulis californica,Parallel,Up-current,Low Ecotone,West Parallel Ecotone_Low,0,0.6510416666666666,1.4067759959039374,4.6875,0,Group 2,Offshore
Oxyjulis californica,Parallel,Up-current,Medium Ecotone,West Parallel Ecotone_Medium,0,0.13020833333333334,0.4510548978043951,1.5625,0,Group 2,Offshore
Oxyjulis californica,Perpendicular,Down-current,Low Relief,East Perpendicular Mid_Low,0,0.531763636042173,0.825675015334908,1.6831128283400676,0,Group 2,East
Oxyjulis californica,Perpendicular,Up-current,High Ecotone,West Perpendicular Ecotone_High,0.78125,5.729166666666667,8.652733190539662,20.3125,0,Group 2,West
Oxyjulis californica,Parallel,Down-current,High Relief,East Parallel Mid_High,0.4409655139675086,2.7714451835502025,4.546492108071668,11.880896247303497,0,Group 3,Inshore
Oxyjulis californica,Parallel,Up-current,Low Relief,West Parallel Mid_Low,0,0.3701562508670766,0.8955619492931761,2.7693006384825507,0,Group 3,Offshore
Oxyjulis californica,Perpendicular,Down-current,Low Ecotone,East Perpendicular Ecotone_Low,0,2.6041666666666665,6.378879538497859,15.625,0,Group 3,East
Oxyjulis californica,Perpendicular,Down-current,Medium Ecotone,East Perpendicular Ecotone_Medium,0.78125,3.125,5.502130269268441,14.0625,0,Group 3,East
Oxyjulis californica,Perpendicular,Down-current,Medium Relief,East Perpendicular Mid_Medium,0,1.007529847959298,1.8818156519271716,4.684629556158554,0,Group 3,East
Oxyjulis californica,Perpendicular,Up-current,Low Ecotone,West Perpendicular Ecotone_Low,0,1.8229166666666667,2.8669497801089343,6.25,0,Group 3,West
Oxyjulis californica,Perpendicular,Up-current,Low Relief,West Perpendicular Mid_Low,0,9.796218642011073,23.259400935705454,57.25806445271759,0,Group 3,West
Oxyjulis californica,Parallel,Up-current,High Ecotone,West Parallel Ecotone_High,0,4.6875,14.336039098909243,50,0,Group 4,Offshore
Oxyjulis californica,Parallel,Up-current,High Relief,West Parallel Mid_High,0,0.09353173794357754,0.32400344447698814,1.1223808553229304,0,Group 4,Offshore
Oxyjulis californica,Parallel,Up-current,Medium Relief,West Parallel Mid_Medium,0,0.6360982258034229,1.8564812837795273,6.427575103062449,0,Group 4,Offshore
Oxyjulis californica,Perpendicular,Down-current,High Relief,East Perpendicular Mid_High,5.137064383962277,19.222206263468944,35.14913753101551,89.74516090065711,0,Group 4,East
Oxyjulis californica,Perpendicular,Up-current,Medium Ecotone,West Perpendicular Ecotone_Medium,0,3.90625,6.071674758664202,12.5,0,Group 4,West
Oxyjulis californica,Perpendicular,Up-current,Medium Relief,West Perpendicular Mid_Medium,2.5645112880410004,3.921080861192063,5.402105583013812,14.470097724833625,0,Group 4,West
Oxyjulis californica,Perpendicular,Down-current,High Ecotone,East Perpendicular Ecotone_High,0,38.802083333333336,94.2819111815287,231.25,0,Group 5,East
Oxyjulis californica,Perpendicular,Up-current,High Relief,West Perpendicular Mid_High,0,0.41495551999676805,0.6441843362033522,1.310480171913859,0,Group 6,West
Hypsurus caryi,Parallel,Down-current,High Ecotone,East Parallel Ecotone_High,0,0.390625,0.9712211882938454,3.125,0,Group 1,Inshore
Hypsurus caryi,Parallel,Down-current,Low Ecotone,East Parallel Ecotone_Low,0,0.9114583333333334,1.9376756396439774,6.25,0,Group 1,Inshore
Hypsurus caryi,Parallel,Down-current,Medium Ecotone,East Parallel Ecotone_Medium,0,0.390625,0.7066672138541334,1.5625,0,Group 1,Inshore
Hypsurus caryi,Parallel,Down-current,Medium Relief,East Parallel Mid_Medium,0,0.3330426918071878,0.6059146894964744,1.4730803664681014,0,Group 1,Inshore
Hypsurus caryi,Parallel,Down-current,Low Relief,East Parallel Mid_Low,0,0.2957894581424328,0.7004020874410286,2.045577765059318,0,Group 2,Inshore
Hypsurus caryi,Parallel,Up-current,Low Ecotone,West Parallel Ecotone_Low,0,0.13020833333333334,0.4510548978043951,1.5625,0,Group 2,Offshore
Hypsurus caryi,Parallel,Up-current,Medium Ecotone,West Parallel Ecotone_Medium,0,0.390625,0.9712211882938454,3.125,0,Group 2,Offshore
Hypsurus caryi,Perpendicular,Down-current,Low Relief,East Perpendicular Mid_Low,1.422061907476372,2.805175798982589,3.3311907758047035,7.5373449395648535,0,Group 2,East
Hypsurus caryi,Perpendicular,Up-current,High Ecotone,West Perpendicular Ecotone_High,0,0.78125,1.913663861549358,4.6875,0,Group 2,West
Hypsurus caryi,Parallel,Down-current,High Relief,East Parallel Mid_High,0,0.4660127277765987,0.7550392282655889,2.1829540181163263,0,Group 3,Inshore
Hypsurus caryi,Parallel,Up-current,Low Relief,West Parallel Mid_Low,0,0.8166846045826482,1.1420078870697703,3.4164233286794623,0,Group 3,Offshore
Hypsurus caryi,Perpendicular,Down-current,Low Ecotone,East Perpendicular Ecotone_Low,0.78125,1.0416666666666667,1.275775907699572,3.125,0,Group 3,East
Hypsurus caryi,Perpendicular,Down-current,Medium Ecotone,East Perpendicular Ecotone_Medium,0,0.78125,1.913663861549358,4.6875,0,Group 3,East
Hypsurus caryi,Perpendicular,Down-current,Medium Relief,East Perpendicular Mid_Medium,0.6478023095296768,0.915437387912341,1.1442985409154056,2.8364701768174587,0,Group 3,East
Hypsurus caryi,Perpendicular,Up-current,Low Ecotone,West Perpendicular Ecotone_Low,0,0.2604166666666667,0.637887953849786,1.5625,0,Group 3,West
Hypsurus caryi,Perpendicular,Up-current,Low Relief,West Perpendicular Mid_Low,0,0.4750354606484755,1.1635944883167229,2.850212763890853,0,Group 3,West
Hypsurus caryi,Parallel,Up-current,High Ecotone,West Parallel Ecotone_High,0,0.13020833333333334,0.4510548978043951,1.5625,0,Group 4,Offshore
Hypsurus caryi,Parallel,Up-current,High Relief,West Parallel Mid_High,0,0.11119866528807772,0.3852034760255926,1.3343839834569327,0,Group 4,Offshore
Hypsurus caryi,Parallel,Up-current,Medium Relief,West Parallel Mid_Medium,0,1.4934267336410794,2.487955522351519,7.467693606737502,0,Group 4,Offshore
Hypsurus caryi,Perpendicular,Down-current,High Relief,East Perpendicular Mid_High,1.117442505471236,1.9808494851596283,2.428607261930729,6.225502310707114,0,Group 4,East
Hypsurus caryi,Perpendicular,Up-current,Medium Ecotone,West Perpendicular Ecotone_Medium,1.5625,1.3020833333333333,1.176207269857939,3.125,0,Group 4,West
Hypsurus caryi,Perpendicular,Up-current,Medium Relief,West Perpendicular Mid_Medium,3.7140628032255822,5.091711079703879,6.026718910001191,15.917107497316989,0,Group 4,West
Hypsurus caryi,Perpendicular,Down-current,High Ecotone,East Perpendicular Ecotone_High,0.78125,1.3020833333333333,1.826633116328144,4.6875,0,Group 5,East
Hypsurus caryi,Perpendicular,Up-current,High Relief,West Perpendicular Mid_High,0,0.3671544672705447,0.8993411015962213,2.202926803623268,0,Group 6,West
Halichoeres semicinctus,Parallel,Down-current,High Ecotone,East Parallel Ecotone_High,0,0.2604166666666667,0.9021097956087902,3.125,0,Group 1,Inshore
Halichoeres semicinctus,Parallel,Down-current,Low Ecotone,East Parallel Ecotone_Low,0,0.390625,0.7066672138541334,1.5625,0,Group 1,Inshore
Halichoeres semicinctus,Parallel,Down-current,Medium Ecotone,East Parallel Ecotone_Medium,0,0.2604166666666667,0.6082023001261898,1.5625,0,Group 1,Inshore
Halichoeres semicinctus,Parallel,Down-current,Medium Relief,East Parallel Mid_Medium,0,0.11251406576898093,0.3897601569560424,1.3501687892277712,0,Group 1,Inshore
Halichoeres semicinctus,Parallel,Down-current,Low Relief,East Parallel Mid_Low,0,0.23516238544817783,0.81462639925068,2.821948625378134,0,Group 2,Inshore
Halichoeres semicinctus,Parallel,Up-current,Low Ecotone,West Parallel Ecotone_Low,0,0.2604166666666667,0.6082023001261898,1.5625,0,Group 2,Offshore
Halichoeres semicinctus,Parallel,Up-current,Medium Ecotone,West Parallel Ecotone_Medium,0,0.2604166666666667,0.6082023001261898,1.5625,0,Group 2,Offshore
Halichoeres semicinctus,Perpendicular,Down-current,Low Relief,East Perpendicular Mid_Low,0,0.25124483131882847,0.6154216372427601,1.5074689879129708,0,Group 2,East
Halichoeres semicinctus,Perpendicular,Up-current,High Ecotone,West Perpendicular Ecotone_High,0.78125,1.3020833333333333,1.5362376253908985,3.125,0,Group 2,West
Halichoeres semicinctus,Parallel,Down-current,High Relief,East Parallel Mid_High,0,0,0,0,0,Group 3,Inshore
Halichoeres semicinctus,Parallel,Up-current,Low Relief,West Parallel Mid_Low,0,0,0,0,0,Group 3,Offshore
Halichoeres semicinctus,Perpendicular,Down-current,Low Ecotone,East Perpendicular Ecotone_Low,0,0,0,0,0,Group 3,East
Halichoeres semicinctus,Perpendicular,Down-current,Medium Ecotone,East Perpendicular Ecotone_Medium,0,0,0,0,0,Group 3,East
Halichoeres semicinctus,Perpendicular,Down-current,Medium Relief,East Perpendicular Mid_Medium,0,0,0,0,0,Group 3,East
Halichoeres semicinctus,Perpendicular,Up-current,Low Ecotone,West Perpendicular Ecotone_Low,0,0,0,0,0,Group 3,West
Halichoeres semicinctus,Perpendicular,Up-current,Low Relief,West Perpendicular Mid_Low,0,0,0,0,0,Group 3,West
Halichoeres semicinctus,Parallel,Up-current,High Ecotone,West Parallel Ecotone_High,0,0.2604166666666667,0.9021097956087902,3.125,0,Group 4,Offshore
Halichoeres semicinctus,Parallel,Up-current,High Relief,West Parallel Mid_High,0,0.17779105392095151,0.41650055962326193,1.1429708162168146,0,Group 4,Offshore
Halichoeres semicinctus,Parallel,Up-current,Medium Relief,West Parallel Mid_Medium,0,0.1517893869701617,0.5258138605641068,1.8214726436419404,0,Group 4,Offshore
Halichoeres semicinctus,Perpendicular,Down-current,High Relief,East Perpendicular Mid_High,0,0,0,0,0,Group 4,East
Halichoeres semicinctus,Perpendicular,Up-current,Medium Ecotone,West Perpendicular Ecotone_Medium,0,0.2604166666666667,0.637887953849786,1.5625,0,Group 4,West
Halichoeres semicinctus,Perpendicular,Up-current,Medium Relief,West Perpendicular Mid_Medium,0,0.21818693701315287,0.5344466642229974,1.3091216220789172,0,Group 4,West
Halichoeres semicinctus,Perpendicular,Down-current,High Ecotone,East Perpendicular Ecotone_High,0.78125,1.0416666666666667,1.275775907699572,3.125,0,Group 5,East
Halichoeres semicinctus,Perpendicular,Up-current,High Relief,West Perpendicular Mid_High,0,0,0,0,0,Group 6,West
Girella nigricans,Parallel,Down-current,High Ecotone,East Parallel Ecotone_High,0,0.2604166666666667,0.6082023001261898,1.5625,0,Group 1,Inshore
Girella nigricans,Parallel,Down-current,Low Ecotone,East Parallel Ecotone_Low,0,0.390625,0.9712211882938454,3.125,0,Group 1,Inshore
Girella nigricans,Parallel,Down-current,Medium Ecotone,East Parallel Ecotone_Medium,0,0.2604166666666667,0.9021097956087902,3.125,0,Group 1,Inshore
Girella nigricans,Parallel,Down-current,Medium Relief,East Parallel Mid_Medium,0,0.681145504817176,1.1113037589721673,2.913149402113456,0,Group 1,Inshore
Girella nigricans,Parallel,Down-current,Low Relief,East Parallel Mid_Low,0,0,0,0,0,Group 2,Inshore
Girella nigricans,Parallel,Up-current,Low Ecotone,West Parallel Ecotone_Low,0,0,0,0,0,Group 2,Offshore
Girella nigricans,Parallel,Up-current,Medium Ecotone,West Parallel Ecotone_Medium,0,0,0,0,0,Group 2,Offshore
Girella nigricans,Perpendicular,Down-current,Low Relief,East Perpendicular Mid_Low,0,0,0,0,0,Group 2,East
Girella nigricans,Perpendicular,Up-current,High Ecotone,West Perpendicular Ecotone_High,0,0,0,0,0,Group 2,West
Girella nigricans,Parallel,Down-current,High Relief,East Parallel Mid_High,0,0.07980131186909957,0.2764398533358595,0.9576157424291949,0,Group 3,Inshore
Girella nigricans,Parallel,Up-current,Low Relief,West Parallel Mid_Low,0.5163533388368626,0.8700988832954362,1.0649220532451729,3.136841203163159,0,Group 3,Offshore
Girella nigricans,Perpendicular,Down-current,Low Ecotone,East Perpendicular Ecotone_Low,0,0,0,0,0,Group 3,East
Girella nigricans,Perpendicular,Down-current,Medium Ecotone,East Perpendicular Ecotone_Medium,0,0,0,0,0,Group 3,East
Girella nigricans,Perpendicular,Down-current,Medium Relief,East Perpendicular Mid_Medium,0.6478023095296768,0.7125638154757112,0.7851007665256557,1.5615431853861848,0,Group 3,East
Girella nigricans,Perpendicular,Up-current,Low Ecotone,West Perpendicular Ecotone_Low,0,0.2604166666666667,0.637887953849786,1.5625,0,Group 3,West
Girella nigricans,Perpendicular,Up-current,Low Relief,West Perpendicular Mid_Low,1.4721768906471357,1.0775248237803767,0.8453476310721084,1.794904228295357,0,Group 3,West
Girella nigricans,Parallel,Up-current,High Ecotone,West Parallel Ecotone_High,0,0.78125,2.259371267128816,7.8125,0,Group 4,Offshore
Girella nigricans,Parallel,Up-current,High Relief,West Parallel Mid_High,0,1.4364548754250162,2.808796084092041,8.944974394342246,0,Group 4,Offshore
Girella nigricans,Parallel,Up-current,Medium Relief,West Parallel Mid_Medium,0,1.8999321458654483,5.520886088530655,19.28965770525802,0,Group 4,Offshore
Girella nigricans,Perpendicular,Down-current,High Relief,East Perpendicular Mid_High,0,0.7011340695363838,1.7174207116451996,4.206804417218303,0,Group 4,East
Girella nigricans,Perpendicular,Up-current,Medium Ecotone,West Perpendicular Ecotone_Medium,0,0.5208333333333334,0.8068715304598785,1.5625,0,Group 4,West
Girella nigricans,Perpendicular,Up-current,Medium Relief,West Perpendicular Mid_Medium,0,1.2058414770694688,2.9536963295041807,7.2350488624168126,0,Group 4,West
Girella nigricans,Perpendicular,Down-current,High Ecotone,East Perpendicular Ecotone_High,0,0,0,0,0,Group 5,East
Girella nigricans,Perpendicular,Up-current,High Relief,West Perpendicular Mid_High,0.612961974216453,1.4246215607157844,2.0556878633732194,5.241920687655436,0,Group 6,West
Embiotoca jacksoni,Parallel,Down-current,High Ecotone,East Parallel Ecotone_High,1.5625,1.4322916666666667,1.239002282966811,3.125,0,Group 1,Inshore
Embiotoca jacksoni,Parallel,Down-current,Low Ecotone,East Parallel Ecotone_Low,0,1.0416666666666667,1.538643637241659,4.6875,0,Group 1,Inshore
Embiotoca jacksoni,Parallel,Down-current,Medium Ecotone,East Parallel Ecotone_Medium,0.78125,1.6927083333333333,2.2552744890219754,6.25,0,Group 1,Inshore
Embiotoca jacksoni,Parallel,Down-current,Medium Relief,East Parallel Mid_Medium,1.2570514075992885,1.0077255888392729,1.0093371261877966,2.7278938436211275,0,Group 1,Inshore
Embiotoca jacksoni,Parallel,Down-current,Low Relief,East Parallel Mid_Low,0,0.5690502937151541,1.2286393028470428,4.091155530118636,0,Group 2,Inshore
Embiotoca jacksoni,Parallel,Up-current,Low Ecotone,West Parallel Ecotone_Low,0.78125,0.9114583333333334,1.0446217553461272,3.125,0,Group 2,Offshore
Embiotoca jacksoni,Parallel,Up-current,Medium Ecotone,West Parallel Ecotone_Medium,0,0.78125,1.8246069003785694,6.25,0,Group 2,Offshore
Embiotoca jacksoni,Perpendicular,Down-current,Low Relief,East Perpendicular Mid_Low,0.5360386151544724,0.7031757828641694,0.7928509696302742,1.6395084789631007,0,Group 2,East
Embiotoca jacksoni,Perpendicular,Up-current,High Ecotone,West Perpendicular Ecotone_High,0.78125,0.78125,0.8558164961018221,1.5625,0,Group 2,West
Embiotoca jacksoni,Parallel,Down-current,High Relief,East Parallel Mid_High,0.8976822023417362,1.2414830743393794,1.5646844474583372,4.791116237391968,0,Group 3,Inshore
Embiotoca jacksoni,Parallel,Up-current,Low Relief,West Parallel Mid_Low,1.1684564968796696,1.1654250497970704,1.2071615359435064,3.4164233286794623,0,Group 3,Offshore
Embiotoca jacksoni,Perpendicular,Down-current,Low Ecotone,East Perpendicular Ecotone_Low,2.34375,2.6041666666666665,1.275775907699572,4.6875,1.5625,Group 3,East
Embiotoca jacksoni,Perpendicular,Down-current,Medium Ecotone,East Perpendicular Ecotone_Medium,0,0.2604166666666667,0.637887953849786,1.5625,0,Group 3,East
Embiotoca jacksoni,Perpendicular,Down-current,Medium Relief,East Perpendicular Mid_Medium,1.124176107991234,0.8306912730197443,0.661578060899382,1.3752458905387637,0,Group 3,East
Embiotoca jacksoni,Perpendicular,Up-current,Low Ecotone,West Perpendicular Ecotone_Low,1.5625,2.6041666666666665,3.072475250781797,7.8125,0,Group 3,West
Embiotoca jacksoni,Perpendicular,Up-current,Low Relief,West Perpendicular Mid_Low,0.7596236996744223,1.7221420231795268,2.243988250922802,5.361822873543052,0,Group 3,West
Embiotoca jacksoni,Parallel,Up-current,High Ecotone,West Parallel Ecotone_High,0.78125,0.9114583333333334,1.0446217553461272,3.125,0,Group 4,Offshore
Embiotoca jacksoni,Parallel,Up-current,High Relief,West Parallel Mid_High,0,1.1842505936715617,1.850326160610103,5.874471322905483,0,Group 4,Offshore
Embiotoca jacksoni,Parallel,Up-current,Medium Relief,West Parallel Mid_Medium,0.5669730832653076,1.8610225924182278,2.37872071850629,6.683266362100518,0,Group 4,Offshore
Embiotoca jacksoni,Perpendicular,Down-current,High Relief,East Perpendicular Mid_High,1.8469472575706982,2.4020041050267245,2.135693060877474,5.6090725562910695,0,Group 4,East
Embiotoca jacksoni,Perpendicular,Up-current,Medium Ecotone,West Perpendicular Ecotone_Medium,0.78125,1.3020833333333333,1.5362376253908985,3.125,0,Group 4,West
Embiotoca jacksoni,Perpendicular,Up-current,Medium Relief,West Perpendicular Mid_Medium,1.8470094993916566,2.397340516696573,1.9798099471436934,5.181116380151214,0,Group 4,West
Embiotoca jacksoni,Perpendicular,Down-current,High Ecotone,East Perpendicular Ecotone_High,2.34375,2.34375,2.3696485762661097,6.25,0,Group 5,East
Embiotoca jacksoni,Perpendicular,Up-current,High Relief,West Perpendicular Mid_High,0,0.6558191642696188,1.1542163441888895,2.8334515838060788,0,Group 6,West
Damalichthys vacca,Parallel,Down-current,High Ecotone,East Parallel Ecotone_High,0,0.390625,0.7066672138541334,1.5625,0,Group 1,Inshore
Damalichthys vacca,Parallel,Down-current,Low Ecotone,East Parallel Ecotone_Low,0,0,0,0,0,Group 1,Inshore
Damalichthys vacca,Parallel,Down-current,Medium Ecotone,East Parallel Ecotone_Medium,0,0.2604166666666667,0.6082023001261898,1.5625,0,Group 1,Inshore
Damalichthys vacca,Parallel,Down-current,Medium Relief,East Parallel Mid_Medium,0,0.11251406576898093,0.3897601569560424,1.3501687892277712,0,Group 1,Inshore
Damalichthys vacca,Parallel,Down-current,Low Relief,East Parallel Mid_Low,0,0.418591783862074,0.7702823994954775,2.045577765059318,0,Group 2,Inshore
Damalichthys vacca,Parallel,Up-current,Low Ecotone,West Parallel Ecotone_Low,0,0.13020833333333334,0.4510548978043951,1.5625,0,Group 2,Offshore
Damalichthys vacca,Parallel,Up-current,Medium Ecotone,West Parallel Ecotone_Medium,0,0.2604166666666667,0.9021097956087902,3.125,0,Group 2,Offshore
Damalichthys vacca,Perpendicular,Down-current,Low Relief,East Perpendicular Mid_Low,0,0.29534109744063325,0.7234349888031583,1.7720465846437994,0,Group 2,East
Damalichthys vacca,Perpendicular,Up-current,High Ecotone,West Perpendicular Ecotone_High,0,0,0,0,0,Group 2,West
Damalichthys vacca,Parallel,Down-current,High Relief,East Parallel Mid_High,0,0.3643933378366556,0.6899263247386327,1.9975330687700688,0,Group 3,Inshore
Damalichthys vacca,Parallel,Up-current,Low Relief,West Parallel Mid_Low,0,0.4377643681987659,0.8182050131526686,2.1835730755468665,0,Group 3,Offshore
Damalichthys vacca,Perpendicular,Down-current,Low Ecotone,East Perpendicular Ecotone_Low,0,0.2604166666666667,0.637887953849786,1.5625,0,Group 3,East
Damalichthys vacca,Perpendicular,Down-current,Medium Ecotone,East Perpendicular Ecotone_Medium,0,0.2604166666666667,0.637887953849786,1.5625,0,Group 3,East
Damalichthys vacca,Perpendicular,Down-current,Medium Relief,East Perpendicular Mid_Medium,0,0.3175825323077049,0.7779151553748305,1.9054951938462295,0,Group 3,East
Damalichthys vacca,Perpendicular,Up-current,Low Ecotone,West Perpendicular Ecotone_Low,0,0.2604166666666667,0.637887953849786,1.5625,0,Group 3,West
Damalichthys vacca,Perpendicular,Up-current,Low Relief,West Perpendicular Mid_Low,0.7125531909727133,0.7898763349316047,0.8737613292120973,1.794904228295357,0,Group 3,West
Damalichthys vacca,Parallel,Up-current,High Ecotone,West Parallel Ecotone_High,0,0.13020833333333334,0.4510548978043951,1.5625,0,Group 4,Offshore
Damalichthys vacca,Parallel,Up-current,High Relief,West Parallel Mid_High,0,0.612494915142167,0.9521363398198928,2.335405016837987,0,Group 4,Offshore
Damalichthys vacca,Parallel,Up-current,Medium Relief,West Parallel Mid_Medium,0,1.0045765700258706,2.249273352560046,7.285890574567762,0,Group 4,Offshore
Damalichthys vacca,Perpendicular,Down-current,High Relief,East Perpendicular Mid_High,0,2.058216034137821,4.109659897655346,10.274128767924553,0,Group 4,East
Damalichthys vacca,Perpendicular,Up-current,Medium Ecotone,West Perpendicular Ecotone_Medium,0,0,0,0,0,Group 4,West
Damalichthys vacca,Perpendicular,Up-current,Medium Relief,West Perpendicular Mid_Medium,0,1.1805530308285423,2.3158977390657323,5.78803908993345,0,Group 4,West
Damalichthys vacca,Perpendicular,Down-current,High Ecotone,East Perpendicular Ecotone_High,0,0.5208333333333334,1.275775907699572,3.125,0,Group 5,East
Damalichthys vacca,Perpendicular,Up-current,High Relief,West Perpendicular Mid_High,0.6552400859569295,1.0578097598905343,1.2557805327489644,2.8334515838060788,0,Group 6,West
Chromis punctipinnis,Parallel,Down-current,High Ecotone,East Parallel Ecotone_High,0,15.234375,28.657560443914115,78.125,0,Group 1,Inshore
Chromis punctipinnis,Parallel,Down-current,Low Ecotone,East Parallel Ecotone_Low,3.90625,6.119791666666667,7.609823679292724,23.4375,0,Group 1,Inshore
Chromis punctipinnis,Parallel,Down-current,Medium Ecotone,East Parallel Ecotone_Medium,0.78125,6.119791666666667,10.669574225675408,32.8125,0,Group 1,Inshore
Chromis punctipinnis,Parallel,Down-current,Medium Relief,East Parallel Mid_Medium,1.6840725759248134,8.873445521397043,12.482613044635178,34.88819643048019,0,Group 1,Inshore
Chromis punctipinnis,Parallel,Down-current,Low Relief,East Parallel Mid_Low,0,7.3353476488268115,16.12183539893823,42.65765215259365,0,Group 2,Inshore
Chromis punctipinnis,Parallel,Up-current,Low Ecotone,West Parallel Ecotone_Low,33.59375,64.453125,80.71591564023817,262.5,0,Group 2,Offshore
Chromis punctipinnis,Parallel,Up-current,Medium Ecotone,West Parallel Ecotone_Medium,21.875,26.432291666666668,28.698836123421714,82.8125,0,Group 2,Offshore
Chromis punctipinnis,Perpendicular,Down-current,Low Relief,East Perpendicular Mid_Low,14.453244183538636,28.13382054320595,40.94026109735083,106.03610818542425,0,Group 2,East
Chromis punctipinnis,Perpendicular,Up-current,High Ecotone,West Perpendicular Ecotone_High,4.6875,17.1875,33.16035848720578,84.375,0,Group 2,West
Chromis punctipinnis,Parallel,Down-current,High Relief,East Parallel Mid_High,11.792121035293954,28.713921647450416,43.540224458548785,149.79311298251503,0,Group 3,Inshore
Chromis punctipinnis,Parallel,Up-current,Low Relief,West Parallel Mid_Low,6.994795392432981,20.947049902744883,33.30946867846149,115.72937300398392,0,Group 3,Offshore
Chromis punctipinnis,Perpendicular,Down-current,Low Ecotone,East Perpendicular Ecotone_Low,10.9375,67.44791666666667,134.85168598701935,340.625,0,Group 3,East
Chromis punctipinnis,Perpendicular,Down-current,Medium Ecotone,East Perpendicular Ecotone_Medium,3.90625,14.322916666666666,20.14150785173907,48.4375,0,Group 3,East
Chromis punctipinnis,Perpendicular,Down-current,Medium Relief,East Perpendicular Mid_Medium,4.218886319040002,17.123001540860884,24.23437125274754,57.14308032708382,0,Group 3,East
Chromis punctipinnis,Perpendicular,Up-current,Low Ecotone,West Perpendicular Ecotone_Low,4.6875,34.375,64.75615318253548,164.0625,0,Group 3,West
Chromis punctipinnis,Perpendicular,Up-current,Low Relief,West Perpendicular Mid_Low,8.202293232901845,11.451916062088126,11.671210131583228,27.346453188279206,0,Group 3,West
Chromis punctipinnis,Parallel,Up-current,High Ecotone,West Parallel Ecotone_High,34.375,98.69791666666667,152.36044246156328,520.3125,0,Group 4,Offshore
Chromis punctipinnis,Parallel,Up-current,High Relief,West Parallel Mid_High,27.45148133908015,46.948857897669264,60.90503005650171,226.84527718767856,5.874471322905483,Group 4,Offshore
Chromis punctipinnis,Parallel,Up-current,Medium Relief,West Parallel Mid_Medium,47.80359516824464,61.984767467415,77.0646452708157,277.0415335201754,0,Group 4,Offshore
Chromis punctipinnis,Perpendicular,Down-current,High Relief,East Perpendicular Mid_High,93.9060617429654,92.86333527412833,78.50245316159936,218.58877216247544,5.191611227504096,Group 4,East
Chromis punctipinnis,Perpendicular,Up-current,Medium Ecotone,West Perpendicular Ecotone_Medium,26.5625,70.83333333333333,99.34191010931221,256.25,0,Group 4,West
Chromis punctipinnis,Perpendicular,Up-current,Medium Relief,West Perpendicular Mid_Medium,36.32121400284909,68.21751858378076,89.4179982518075,245.99166132217164,10.672989269146523,Group 4,West
Chromis punctipinnis,Perpendicular,Down-current,High Ecotone,East Perpendicular Ecotone_High,58.59375,187.5,279.77914001494105,709.375,0,Group 5,East
Chromis punctipinnis,Perpendicular,Up-current,High Relief,West Perpendicular Mid_High,8.391286782218653,14.759149585233567,17.4031226905407,43.632359078469726,0,Group 6,West
